First,Last,ID,Dept_ID,Salary
Cara,Hines,822668548,1006,95184
Aleah,Mccann,486229863,1002,55044
Kiera,Silva,963334433,1003,81948
Paula,Ball,953300891,1003,106536
Aliana,Ali,146897162,1000,72264
Noemi,Melendez,985884810,1005,110664
Lily,Farley,685256803,1005,40644
Tyler,Barnett,552026759,1005,68004
Marcel,Huber,611228167,1006,67248
Janiah,Hodge,632872144,1003,108624
June,Huber,317609995,1005,47580
Kyla,Avila,551834716,1000,640188
Bianca,Day,651393707,1005,83952
Hailee,Turner,918946452,1005,81936
Lyla,Bean,641385513,1003,99360
Selena,Beard,860400116,1005,43224
Reagan,Rivers,748597749,1005,44676
Kristin,Coffey,609089154,1004,47460
Anna,Cook,450441910,1006,94464
Quinton,Frank,458119667,1006,100752
Aarav,Sloan,816766736,1000,54132
Ireland,Vaughn,621172820,1004,69816
Sebastian,Decker,225748204,1002,64512
Randall,Solomon,477529455,1004,106800
Adalyn,Hendrix,688213620,1003,97848
Yaretzi,Trujillo,571629638,1005,105828
Michaela,Newman,306889471,1004,84612
Morgan,Nicholson,979714719,1004,75852
Arianna,Cooke,617980112,1003,58944
Aliya,Barrera,922922925,1000,117636
Laylah,Booker,138571710,1005,74472
Carlo,Hoover,569129703,1006,52248
Donovan,Spence,718944492,1001,43392
Mckenzie,Waters,616470223,1002,73788
Adriana,Lucas,233183215,1003,79188
Deanna,Benton,307772035,1000,43212
Zaiden,Hampton,439235114,1004,45204
Reed,Duffy,204435797,1002,50112
Zackary,Blackwell,340086211,1003,80196
Lauren,Gonzales,946638656,1000,204000
Jason,Pugh,506471355,1005,65376
Sadie,Oneill,113387281,1000,399252
Celeste,Powell,337293245,1000,403584
Shawn,Bray,757624552,1000,570240
Saniyah,Bradshaw,784649946,1001,91716
Mackenzie,Ballard,519661375,1006,107736
Janae,Holland,507485567,1006,81684
Carlo,Nichols,353505571,1006,86676
Iris,Miller,180833192,1001,79188
Chelsea,Mann,320429173,1000,45636
